<?xml version="1.0" encoding="UTF-8"?>
<!DOCTYPE mapper PUBLIC "-//mybatis.org//DTD Mapper 3.0//EN"
   "http://mybatis.org/dtd/mybatis-3-mapper.dtd"> 
<mapper namespace="com.edu.dao.HuaDao"> 
<select id="findHuaByCond2" parameterType="hua"
		resultType="hua">
	     select * from tb_Hua
	      <where>
		     <if test="name !=null and name !=''">
		    	 <bind name="pattern_name" value="'%'+_parameter.getName()+'%'" />
				and name like #{pattern_name}
		     </if>
		     <if test="proname !=null and proname !=''">
		     	<bind name="pattern_proname" value="'%'+_parameter.getProname()+'%'" />
				and proname= #{pattern_proname}
		     </if>
		     
		     
		     <if test="type !=null and type !=''">
		     	<bind name="pattern_type" value="'%'+_parameter.getType()+'%'" />
				and type= #{pattern_type}
		     </if>
		     
		     <if test="date !=null and date !=''">
		     	<bind name="pattern_date" value="'%'+_parameter.getDate()+'%'" />
				and date= #{pattern_date}
		     </if>
		     <if test="workspace !=null and workspace !=''">
		     	<bind name="pattern_workspace" value="'%'+_parameter.getWorkspace()+'%'" />
				and workspace= #{pattern_workspace}
		     </if>
		     
	     </where>
	</select>
	
	
	<select id="findHuaCountByCond2" parameterType="hua"
		resultType="int">
     	select count(*) from tb_Hua
      <where>
      <if test="name !=null and name !=''">
		    	 <bind name="pattern_name" value="'%'+_parameter.getName()+'%'" />
				and name like #{pattern_name}
		     </if>
		     <if test="proname !=null and proname !=''">
		    	 <bind name="pattern_proname" value="'%'+_parameter.getProname()+'%'" />
				and proname like #{pattern_proname}
		     </if>

		     <if test="type !=null and type !=''">
		     	<bind name="pattern_type" value="'%'+_parameter.getType()+'%'" />
				and type= #{pattern_type}
		     </if>
		     
		     <if test="date !=null and date !=''">
		     	<bind name="pattern_date" value="'%'+_parameter.getDate()+'%'" />
				and date= #{pattern_date}
		     </if>
		     <if test="workspace !=null and workspace !=''">
		     	<bind name="pattern_workspace" value="'%'+_parameter.getWorkspace()+'%'" />
				and workspace= #{pattern_workspace}
		     </if>
     </where>
	</select>
	
	
	<select id="addHua"  parameterType="hua"  resultType="hua">
		insert  into tb_Hua(name,proname,type,date,workspace) values (#{name},#{proname},#{type},#{date},#{workspace})
	</select>
	
	
		<delete id="deleteHua"  parameterType="String">
		delete from tb_Hua
		where name=#{name}
	</delete>
	
	
	
		<select id="findHuaByName" parameterType="String"
		resultType="hua">
		select * from tb_Hua
		where name = #{name}
	</select>
	
	
			<update id="findHuaModify"  parameterType="hua">
		update tb_Hua
		 <set>
		 
		 <if test="name !=null and name !=''">
		 		name=#{name},
		 	</if>
		 
		 <if test="proname !=null and proname !=''">
		 		proname=#{proname},
		 	</if>
		 

		 	<if test="type !=null and type !=''">
		 		type=#{type},
		 	</if>
		 	<if test="date !=null and date !=''">
		 		date=#{date},
		 	</if>
		 	<if test="workspace !=null and workspace !=''">
		 		workspace=#{workspace}
		 	</if>
		 </set>
		 where name=#{name}
	</update>
	
	
	</mapper>