<?xml version="1.0" encoding="UTF-8"?>
<!DOCTYPE mapper PUBLIC "-//mybatis.org//DTD Mapper 3.0//EN"
   "http://mybatis.org/dtd/mybatis-3-mapper.dtd"> 
<mapper namespace="com.edu.dao.OldDao"> 
<select id="findOldByCond2" parameterType="old"
		resultType="old">
	     select * from tb_Old
	      <where>
		     <if test="oldname !=null and oldname !=''">
		    	 <bind name="pattern_oldname" value="'%'+_parameter.getOldname()+'%'" />
				and oldname like #{pattern_oldname}
		     </if>
		     <if test="age !=null and age !=''">
		     	<bind name="pattern_age" value="'%'+_parameter.getAge()+'%'" />
				and age= #{pattern_age}
		     </if>
		     <if test="sex !=null and sex !=''">
		     	<bind name="pattern_sex" value="'%'+_parameter.getSex()+'%'" />
				and sex= #{pattern_sex}
		     </if>
		     
		     <if test="phone !=null and phone !=''">
		     	<bind name="pattern_phone" value="'%'+_parameter.getPhone()+'%'" />
				and phone= #{pattern_phone}
		     </if>
		     <if test="address !=null and address !=''">
		     	<bind name="pattern_address" value="'%'+_parameter.getAddress()+'%'" />
				and address= #{pattern_address}
		     </if>
		     
	     </where>
	</select>
	
	<select id="findOldCountByCond2" parameterType="old"
		resultType="int">
     	select count(*) from tb_Old
      <where>
		     <if test="oldname !=null and oldname !=''">
		    	 <bind name="pattern_oldname" value="'%'+_parameter.getOldname()+'%'" />
				and oldname like #{pattern_oldname}
		     </if>
		     <if test="age !=null and age !=''">
		     	<bind name="pattern_age" value="'%'+_parameter.getAge()+'%'" />
				and age= #{pattern_age}
		     </if>
		     <if test="sex !=null and sex !=''">
		     	<bind name="pattern_sex" value="'%'+_parameter.getSex()+'%'" />
				and sex= #{pattern_sex}
		     </if>
		     
		     <if test="phone !=null and phone !=''">
		     	<bind name="pattern_phone" value="'%'+_parameter.getPhone()+'%'" />
				and phone= #{pattern_phone}
		     </if>
		     <if test="address !=null and address !=''">
		     	<bind name="pattern_address" value="'%'+_parameter.getAddress()+'%'" />
				and address= #{pattern_address}
		     </if>
     </where>
	</select>
	
	
	<select id="addOld"  parameterType="old"  resultType="old">
		insert  into tb_Old(oldname,age,sex,phone,address) values (#{oldname},#{age},#{sex},#{phone},#{address})
	</select>
	
	
	<delete id="deleteOld"  parameterType="String">
		delete from tb_Old
		where oldname=#{oldname}
	</delete>
	
	<select id="findOldByOldname" parameterType="String"
		resultType="old">
		select * from tb_Old
		where oldname = #{oldname}
	</select>
	
		<update id="findOldModify"  parameterType="old">
		update tb_Old
		 <set>
		 
		 	<if test="age !=null and age !=''">
		 		age=#{age},
		 	</if>
		 	<if test="sex !=null and sex !=''">
		 		sex=#{sex},
		 	</if>
		 	<if test="phone !=null and phone !=''">
		 		phone=#{phone},
		 	</if>
		 	<if test="address !=null and address !=''">
		 		address=#{address}
		 	</if>
		 </set>
		 where oldname=#{oldname}
	</update>
	
	</mapper>