<?xml version="1.0" encoding="UTF-8"?>
<!DOCTYPE mapper PUBLIC "-//mybatis.org//DTD Mapper 3.0//EN"
   "http://mybatis.org/dtd/mybatis-3-mapper.dtd"> 
<mapper namespace="com.edu.dao.ProDao"> 
<select id="findProByCond2" parameterType="pro"
		resultType="pro">
	     select * from tb_Pro
	      <where>
		     <if test="proname !=null and proname !=''">
		    	 <bind name="pattern_proname" value="'%'+_parameter.getProname()+'%'" />
				and proname like #{pattern_proname}
		     </if>
		     <if test="id !=null and id !=''">
		     	<bind name="pattern_id" value="'%'+_parameter.getId()+'%'" />
				and id= #{pattern_id}
		     </if>
		     <if test="ser !=null and ser !=''">
		     	<bind name="pattern_ser" value="'%'+_parameter.getSer()+'%'" />
				and ser= #{pattern_ser}
		     </if>
		     
		     <if test="phone !=null and phone !=''">
		     	<bind name="pattern_phone" value="'%'+_parameter.getPhone()+'%'" />
				and phone= #{pattern_phone}
		     </if>
		     <if test="address !=null and address !=''">
		     	<bind name="pattern_address" value="'%'+_parameter.getAddress()+'%'" />
				and address= #{pattern_address}
		     </if>
		     
	     </where>
	</select>
	
	<select id="findProCountByCond2" parameterType="pro"
		resultType="int">
     	select count(*) from tb_Pro
      <where>
		     <if test="proname !=null and proname !=''">
		    	 <bind name="pattern_proname" value="'%'+_parameter.getProname()+'%'" />
				and proname like #{pattern_proname}
		     </if>
		     <if test="id !=null and id !=''">
		     	<bind name="pattern_id" value="'%'+_parameter.getId()+'%'" />
				and id= #{pattern_id}
		     </if>
		     <if test="ser !=null and ser !=''">
		     	<bind name="pattern_ser" value="'%'+_parameter.getSer()+'%'" />
				and ser= #{pattern_ser}
		     </if>
		     
		     <if test="phone !=null and phone !=''">
		     	<bind name="pattern_phone" value="'%'+_parameter.getPhone()+'%'" />
				and phone= #{pattern_phone}
		     </if>
		     <if test="address !=null and address !=''">
		     	<bind name="pattern_address" value="'%'+_parameter.getAddress()+'%'" />
				and address= #{pattern_address}
		     </if>
     </where>
	</select>
	
	
	<select id="addPro"  parameterType="pro"  resultType="pro">
		insert  into tb_Pro(proname,id,ser,phone,address) values (#{proname},#{id},#{ser},#{phone},#{address})
	</select>
	
	
	<delete id="deletePro"  parameterType="String">
		delete from tb_Pro
		where proname=#{proname}
	</delete>
	
	<select id="findProByProname" parameterType="String"
		resultType="pro">
		select * from tb_Pro
		where proname = #{proname}
	</select>
	
		<update id="findProModify"  parameterType="pro">
		update tb_Pro
		 <set>
		 
		 	<if test="id !=null and id !=''">
		 		id=#{id},
		 	</if>
		 	<if test="ser !=null and ser !=''">
		 		ser=#{ser},
		 	</if>
		 	<if test="phone !=null and phone !=''">
		 		phone=#{phone},
		 	</if>
		 	<if test="address !=null and address !=''">
		 		address=#{address}
		 	</if>
		 </set>
		 where proname=#{proname}
	</update>
	
	</mapper>