<?xml version="1.0" encoding="UTF-8"?>
<!DOCTYPE mapper PUBLIC "-//mybatis.org//DTD Mapper 3.0//EN"
   "http://mybatis.org/dtd/mybatis-3-mapper.dtd"> 
<mapper namespace="com.edu.dao.SonDao"> 
<select id="findSonByCond2" parameterType="son"
		resultType="son">
	     select * from tb_Son
	      <where>
		     <if test="name !=null and name !=''">
		    	 <bind name="pattern_name" value="'%'+_parameter.getName()+'%'" />
				and name like #{pattern_name}
		     </if>
		     <if test="oldname !=null and oldname !=''">
		     	<bind name="pattern_oldname" value="'%'+_parameter.getOldname()+'%'" />
				and oldname= #{pattern_oldname}
		     </if>
		     
		     
		     <if test="sex !=null and sex !=''">
		     	<bind name="pattern_sex" value="'%'+_parameter.getSex()+'%'" />
				and sex= #{pattern_sex}
		     </if>
		     
		     <if test="phone !=null and phone !=''">
		     	<bind name="pattern_phone" value="'%'+_parameter.getPhone()+'%'" />
				and phone= #{pattern_phone}
		     </if>
		     <if test="workspace !=null and workspace !=''">
		     	<bind name="pattern_workspace" value="'%'+_parameter.getWorkspace()+'%'" />
				and workspace= #{pattern_workspace}
		     </if>
		     
	     </where>
	</select>
	
	
	<select id="findSonCountByCond2" parameterType="son"
		resultType="int">
     	select count(*) from tb_Son
      <where>
      <if test="name !=null and name !=''">
		    	 <bind name="pattern_name" value="'%'+_parameter.getName()+'%'" />
				and name like #{pattern_name}
		     </if>
		     <if test="oldname !=null and oldname !=''">
		    	 <bind name="pattern_oldname" value="'%'+_parameter.getOldname()+'%'" />
				and oldname like #{pattern_oldname}
		     </if>

		     <if test="sex !=null and sex !=''">
		     	<bind name="pattern_sex" value="'%'+_parameter.getSex()+'%'" />
				and sex= #{pattern_sex}
		     </if>
		     
		     <if test="phone !=null and phone !=''">
		     	<bind name="pattern_phone" value="'%'+_parameter.getPhone()+'%'" />
				and phone= #{pattern_phone}
		     </if>
		     <if test="workspace !=null and workspace !=''">
		     	<bind name="pattern_workspace" value="'%'+_parameter.getWorkspace()+'%'" />
				and workspace= #{pattern_workspace}
		     </if>
     </where>
	</select>
	
	
	<select id="addSon"  parameterType="son"  resultType="son">
		insert  into tb_Son(name,oldname,sex,phone,workspace) values (#{name},#{oldname},#{sex},#{phone},#{workspace})
	</select>
	
	
		<delete id="deleteSon"  parameterType="String">
		delete from tb_Son
		where name=#{name}
	</delete>
	
	
	
		<select id="findSonByName" parameterType="String"
		resultType="son">
		select * from tb_Son
		where name = #{name}
	</select>
	
	
			<update id="findSonModify"  parameterType="son">
		update tb_Son
		 <set>
		 
		 <if test="name !=null and name !=''">
		 		name=#{name},
		 	</if>
		 
		 <if test="oldname !=null and oldname !=''">
		 		oldname=#{oldname},
		 	</if>
		 

		 	<if test="sex !=null and sex !=''">
		 		sex=#{sex},
		 	</if>
		 	<if test="phone !=null and phone !=''">
		 		phone=#{phone},
		 	</if>
		 	<if test="workspace !=null and workspace !=''">
		 		workspace=#{workspace}
		 	</if>
		 </set>
		 where name=#{name}
	</update>
	
	
	</mapper>