<?xml version="1.0" encoding="UTF-8"?>
<!DOCTYPE mapper PUBLIC "-//mybatis.org//DTD Mapper 3.0//EN"
   "http://mybatis.org/dtd/mybatis-3-mapper.dtd"> 
<mapper namespace="com.edu.dao.UserDao"> 
	<select id="findUserByIdAndPas" parameterType="user"
		resultType="user">
		select * from tb_User where id = #{id} and password=#{password}
	</select>
	
	<select id="register" parameterType="user" resultType="user">
		insert  into tb_User(id,password,sex,phone) values(#{id},#{password},#{sex},#{phone})
	</select>
	
	<select id="findUserById" parameterType="Integer"
		resultType="user">
		select * from tb_User
		where id = #{id}
	</select>
	
		<select id="findUserByCond2" parameterType="user"
		resultType="user">
	     select * from tb_User
	      <where>
		     <if test="id !=null and id !=''">
		    	 <bind name="pattern_id" value="'%'+_parameter.getId()+'%'" />
				and id like #{pattern_id}
		     </if>
		     <if test="password !=null and password !=''">
		     	<bind name="pattern_password" value="'%'+_parameter.getPassword()+'%'" />
				and jobs= #{pattern_password}
		     </if>
	     </where>
	</select>
	
	<select id="findUserCountByCond2" parameterType="user"
		resultType="int">
     	select count(*) from tb_User
      <where>
	     <if test="id !=null and id !=''">
	    	 <bind name="pattern_id" value="'%'+_parameter.getId()+'%'" />
			and id like #{pattern_id}
	     </if>
	     <if test="password !=null and password !=''">
	     	<bind name="pattern_password" value="'%'+_parameter.getPassword()+'%'" />
			and password= #{pattern_password}
	     </if>
     </where>
	</select>
	
	
	<update id="findUserModify"  parameterType="user">
		update tb_User
		 <set>
		 
		 	<if test="password !=null and password !=''">
		 		password=#{password},
		 	</if>
		 	
		 		<if test="sex !=null and sex !=''">
		 		sex=#{sex},
		 	</if>
		 	
		 	
		 		<if test="phone !=null and phone !=''">
		 		phone=#{phone},
		 	</if>
		 </set>
		 where id=#{id}
	</update>
	
		<delete id="deleteUser"  parameterType="Integer">
		delete from tb_User
		where id=#{id}
	</delete>
	
	
			<select id="addUser"  parameterType="user"  resultType="user">
		insert  into tb_User(id,password,sex,phone) values (#{id},#{password},#{sex},#{phone})
	</select>
	
</mapper>