<beans xmlns="http://www.springframework.org/schema/beans"
  xmlns:xsi="http://www.w3.org/2001/XMLSchema-instance" 
  xmlns:mvc="http://www.springframework.org/schema/mvc"
  xmlns:context="http://www.springframework.org/schema/context"
  xmlns:tx="http://www.springframework.org/schema/tx"
  xsi:schemaLocation="http://www.springframework.org/schema/beans 
  http://www.springframework.org/schema/beans/spring-beans-4.3.xsd 
  http://www.springframework.org/schema/mvc 
  http://www.springframework.org/schema/mvc/spring-mvc-4.3.xsd 
  http://www.springframework.org/schema/context 
  http://www.springframework.org/schema/context/spring-context-4.3.xsd">
	<!-- 配置包扫描器，扫描@Controller注解的类 -->
	
	 <context:component-scan base-package="com.edu.controller" /> 
	 
	<!-- 加载注解驱动 -->
	<mvc:annotation-driven />
    <!--配置静态资源的访问映射，此配置中的文件，将不被前端控制器拦截 -->
    <mvc:resources location="/js/" mapping="/js/**" />
    <mvc:resources location="/css/" mapping="/css/**" />
    <mvc:resources location="/fonts/" mapping="/fonts/**" />
    <mvc:resources location="/images/" mapping="/images/**" />	
	<!-- 配置视图解析器 -->
	<bean class=
    "org.springframework.web.servlet.view.InternalResourceViewResolver">
		<property name="prefix" value="/" />
		<property name="suffix" value=".jsp" />
	</bean>
</beans>
